{
    "src/addons/VersoBit/ResourceTickets/.idea/dataSources.local.xml": "7dd2f3e1ad2937f562e8c7f3b9fd8971ae4ee2fef413347f9f21b40c15ae4b94",
    "src/addons/VersoBit/ResourceTickets/.idea/dataSources.xml": "a33cb1e6bddbfd6168f87a61e7fb494ba77c23075410c808938d5a257d0eeba0",
    "src/addons/VersoBit/ResourceTickets/.idea/dataSources/55a53143-d2e0-483b-8ee1-3546ff1b9fdf.xml": "6a29afd67ecae7bd1be1a9bf91f053df2c3fd3f91f404622199b8a70069e9dc4",
    "src/addons/VersoBit/ResourceTickets/.idea/dataSources/55a53143-d2e0-483b-8ee1-3546ff1b9fdf/storage_v2/_src_/schema/information_schema.FNRwLQ.meta": "e6cf15e6f4964b995820c55cdaa5f7bc04c3fc473fee48752c27deeafac35f34",
    "src/addons/VersoBit/ResourceTickets/.idea/misc.xml": "8e20542282cda0edcf55934715b7ae3ea2bb8b682180a12999b82f0475ea8b36",
    "src/addons/VersoBit/ResourceTickets/.idea/modules.xml": "a31deed3ee1317ae755d8a746d75302466b4f19b97991626d35769e0bda53051",
    "src/addons/VersoBit/ResourceTickets/.idea/ResourceTickets.iml": "e9c004d5beedb8d8501aa5456096bd5d18180f3081cd2f56e8196c44659838a2",
    "src/addons/VersoBit/ResourceTickets/.idea/vcs.xml": "aae65e9dbdd34001e675b9cd452c38338971ce08ad357a4d826e9f93c111dbb2",
    "src/addons/VersoBit/ResourceTickets/.idea/workspace.xml": "4c30faf60851c6fb74e370a0167da342a35087a860277b2e35f7bf6953721cd5",
    "src/addons/VersoBit/ResourceTickets/addon.json": "72e00b58e23b97aa46d564004d73280e234a3eb09ee259aa6119078eabbb18dd",
    "src/addons/VersoBit/ResourceTickets/Listener.php": "283b80ff853d34923388383889df193bfa1c4475342ef9426db1f795643689f6",
    "src/addons/VersoBit/ResourceTickets/README.md": "f551813c492f317f333f858a7ef091622b9ceb15f1047b22f6edba7ec4204c8f",
    "src/addons/VersoBit/ResourceTickets/Setup.php": "71fa6ee4bb6bf5f3b799f86933c9c0be74dba6cb58c623b49adcf2e71ab28c80",
    "src/addons/VersoBit/ResourceTickets/XFRM/Service/ResourceItem/Approve.php": "ea3db94af80ddb4132507b115c8b9128102b85fcbb9a6208becbc407a442b7a1",
    "src/addons/VersoBit/ResourceTickets/XFRM/Service/ResourceItem/Create.php": "df84aaf915793740c3064645f0d0b69f9361dbc02f704949c3c4b32c582623ed",
    "src/addons/VersoBit/ResourceTickets/XFRM/Service/ResourceUpdate/Approve.php": "bc84eb800b38664139f43d25a42b944ea14633dfa4f8f346152b167671f79230",
    "src/addons/VersoBit/ResourceTickets/XFRM/Service/ResourceUpdate/Create.php": "63e3460d1308d708345125cd879606066860b5185c1a58fe988e1e4427938a50",
    "src/addons/VersoBit/ResourceTickets/_data/admin_navigation.xml": "064ec797484ac00d5ee37367b50b06846d11f480d00550997712707f8fdac8c0",
    "src/addons/VersoBit/ResourceTickets/_data/admin_permission.xml": "ec6fb97cebf0bceb24f1ed1d5778c1db54eeb7535fbb3e31d824840e7aa9ff87",
    "src/addons/VersoBit/ResourceTickets/_data/advertising_positions.xml": "d2f7cbe844bb1df3cf878d22ff6306249245c8ff6b0b87b9b729744bec538261",
    "src/addons/VersoBit/ResourceTickets/_data/api_scopes.xml": "6793eaf758f140e8137187ba20e65f4faccf53410433ae3ad7a8b3b38cb6b3b7",
    "src/addons/VersoBit/ResourceTickets/_data/bb_codes.xml": "faa4ddd5f4a365e5ac39aebdcbe2d25aedf74e7eb9ea4a812766e2fd5e13bdb1",
    "src/addons/VersoBit/ResourceTickets/_data/bb_code_media_sites.xml": "29762987990187b33e43cfb68c08dc917b2d3f0176613d78f8e6c453f82da3f3",
    "src/addons/VersoBit/ResourceTickets/_data/class_extensions.xml": "e33f71069fb8f73e6f8cd3a0d7037b044592947a7ac1c8d5bf19019276fefcb8",
    "src/addons/VersoBit/ResourceTickets/_data/code_events.xml": "8370dec3df47f91df4cf79da253446ad11b29f4ea568fe76c774e97a0379f0eb",
    "src/addons/VersoBit/ResourceTickets/_data/code_event_listeners.xml": "ec9f96736e7980c3ca64fef6efd479bba6c2d8698e5e276b66ddd9e0e0f5aa03",
    "src/addons/VersoBit/ResourceTickets/_data/content_type_fields.xml": "c7ad5472b28f465b7ac7617627707eba1b7a39d28089460d52e1ed292fc0b06a",
    "src/addons/VersoBit/ResourceTickets/_data/cron.xml": "323c4284742ef24329cd6db6f288eb9736d2353f36852e1db12591e1583aea26",
    "src/addons/VersoBit/ResourceTickets/_data/help_pages.xml": "a8a0c0b06cdc550438bc8a8d385af3e1e5ab3459877dfb934c1c31be59c89163",
    "src/addons/VersoBit/ResourceTickets/_data/member_stats.xml": "89fb2b93ff1eca7a1f6f752248edf6090dfd24037db1446fd18ff7143f08124d",
    "src/addons/VersoBit/ResourceTickets/_data/navigation.xml": "f75e1c03a45a360bbdfcd0567121665082315068475d5b0feb8b1acbb1688651",
    "src/addons/VersoBit/ResourceTickets/_data/options.xml": "adbeb8a1344412c9226464b783702b218d77f9b26e1f02ce7816f9648d81cc62",
    "src/addons/VersoBit/ResourceTickets/_data/option_groups.xml": "b54db9b283a72899b5f06edc95dd5880382e8ede2f856ae936d1c5d4e2d20bd9",
    "src/addons/VersoBit/ResourceTickets/_data/permissions.xml": "7e4fc7d5826733d15ea2d8936b9bdd41afcaad810eb38e50da3c8d8eafda1550",
    "src/addons/VersoBit/ResourceTickets/_data/permission_interface_groups.xml": "3177224e96458b829aa7fb24866dda9e0455a4922aee3d669b53f59a1ffdf5d1",
    "src/addons/VersoBit/ResourceTickets/_data/phrases.xml": "e158fcc163fa438d72696131556c38a1280cfd64727348266b81c6e3b24ee195",
    "src/addons/VersoBit/ResourceTickets/_data/routes.xml": "550fa64f9feedf137dd877b38c2684f94474619d2d83890dbb717a91b50da8f5",
    "src/addons/VersoBit/ResourceTickets/_data/style_properties.xml": "8b8690a8512f01f219dd2da76e3d0c5f62afc1f317b87794a7331c859c36a7a8",
    "src/addons/VersoBit/ResourceTickets/_data/style_property_groups.xml": "68e1879cb3846c42d978487aa8d5145ff3335fc39e58016878824d5cf3fd684c",
    "src/addons/VersoBit/ResourceTickets/_data/templates.xml": "95d4b078b90e74e773cef6695ef94c742e74b8d62e6798738f11f0215a58faee",
    "src/addons/VersoBit/ResourceTickets/_data/template_modifications.xml": "81b05361fb28f511eba9241c8226ed72b600d39f14676f3ccaa5185615d730f6",
    "src/addons/VersoBit/ResourceTickets/_data/widget_definitions.xml": "37e46965256430f24004c2e7f08ba08f9b0d1cbcc4d70e84b3f4e3ffb713e64b",
    "src/addons/VersoBit/ResourceTickets/_data/widget_positions.xml": "a29cee66134f6bc5d75ed9df1eef21096c24401915c5b5c774389c3d7bb2d5b3"
}