{
    "src/addons/VersoBit/ResourceTickets/addon.json": "8f0a7653e8e022c4d43118dd9da5e741a401e05dda4971012efaf1681c2f1b51",
    "src/addons/VersoBit/ResourceTickets/LICENSE": "3972dc9744f6499f0f9b2dbf76696f2ae7ad8af9b23dde66d6af86c9dfb36986",
    "src/addons/VersoBit/ResourceTickets/Listener.php": "dd2397dcb9401452b097c07635d0842a759fb42960c0bdef01e2aaff551bde04",
    "src/addons/VersoBit/ResourceTickets/NF/Tickets/Repository/Category.php": "ac6efea2185040c810cb893ed77c8ed28fa6e5e9dc2864e70777f2ce6e712d7b",
    "src/addons/VersoBit/ResourceTickets/NF/Tickets/Service/Ticket/Deleter.php": "7ac5b4d353ec985216e16fc324b591e73bd49145973ec3c584bae319707be78a",
    "src/addons/VersoBit/ResourceTickets/Option/TicketsAcceptedPrefixId.php": "ed71b1980a791f042daadcb4a2b4830c9487f40546990603af1e4554c1d69a7f",
    "src/addons/VersoBit/ResourceTickets/Option/TicketsAwaitingApprovalPrefixId.php": "3f6eb81f4684c8b0342dc2d291796b166fcf681f450a1964b0cd0b9e228b9f3d",
    "src/addons/VersoBit/ResourceTickets/Option/TicketsCategoryId.php": "c281a58aeedd4b48f826059b603a90185340a9e6b94dabdbbd28a4b48d463e0c",
    "src/addons/VersoBit/ResourceTickets/README.md": "e16fdfb57d6eb0817dbeb248447affc0b533d19bde8604eea1686d27865f192d",
    "src/addons/VersoBit/ResourceTickets/Setup.php": "71fa6ee4bb6bf5f3b799f86933c9c0be74dba6cb58c623b49adcf2e71ab28c80",
    "src/addons/VersoBit/ResourceTickets/XFRM/Service/ResourceItem/Approve.php": "977c98fb4a2ddb28bf880a3ff43223366cfbd1351337436a2bb01954de942e12",
    "src/addons/VersoBit/ResourceTickets/XFRM/Service/ResourceItem/Create.php": "331bd12bd6ba283afd108f58184162a08e4ab9e19d317d18bae135d0e97d8704",
    "src/addons/VersoBit/ResourceTickets/XFRM/Service/ResourceItem/Edit.php": "24aa40e0f76c8e12c282ffd0c1a5a1a124224c07f7b70f263f86df5e29f53642",
    "src/addons/VersoBit/ResourceTickets/XFRM/Service/ResourceItem/Reassign.php": "ff9b09d325129b87349db414e74b55a0c910b563144b71c15c4b3e3e8b00fca5",
    "src/addons/VersoBit/ResourceTickets/XFRM/Service/ResourceUpdate/Approve.php": "d285a193e9dffea1038874128f9bf1ba02e8ab0b815638336c0ffab1c057deba",
    "src/addons/VersoBit/ResourceTickets/XFRM/Service/ResourceUpdate/Create.php": "bf2b4047892a7fbb8fcca7208fe396dafdb550139ce2f1bf3cff13f278530645",
    "src/addons/VersoBit/ResourceTickets/_data/activity_summary_definitions.xml": "99d8c2563a31320d66f958fc8bda78613545f5f7959bb3cf5318805e3a3c39d2",
    "src/addons/VersoBit/ResourceTickets/_data/admin_navigation.xml": "064ec797484ac00d5ee37367b50b06846d11f480d00550997712707f8fdac8c0",
    "src/addons/VersoBit/ResourceTickets/_data/admin_permission.xml": "ec6fb97cebf0bceb24f1ed1d5778c1db54eeb7535fbb3e31d824840e7aa9ff87",
    "src/addons/VersoBit/ResourceTickets/_data/advertising_positions.xml": "d2f7cbe844bb1df3cf878d22ff6306249245c8ff6b0b87b9b729744bec538261",
    "src/addons/VersoBit/ResourceTickets/_data/api_scopes.xml": "6793eaf758f140e8137187ba20e65f4faccf53410433ae3ad7a8b3b38cb6b3b7",
    "src/addons/VersoBit/ResourceTickets/_data/bb_codes.xml": "faa4ddd5f4a365e5ac39aebdcbe2d25aedf74e7eb9ea4a812766e2fd5e13bdb1",
    "src/addons/VersoBit/ResourceTickets/_data/bb_code_media_sites.xml": "29762987990187b33e43cfb68c08dc917b2d3f0176613d78f8e6c453f82da3f3",
    "src/addons/VersoBit/ResourceTickets/_data/class_extensions.xml": "5598dc6338b231bb42b87f1e4b169f7e1ef9f5fa0d1d14c3e615149efaef7fb6",
    "src/addons/VersoBit/ResourceTickets/_data/code_events.xml": "8370dec3df47f91df4cf79da253446ad11b29f4ea568fe76c774e97a0379f0eb",
    "src/addons/VersoBit/ResourceTickets/_data/code_event_listeners.xml": "ec25ae91e7e467249f813ecf5ed6050eb12f8c01ada98b5595d29b6c8778aa93",
    "src/addons/VersoBit/ResourceTickets/_data/content_type_fields.xml": "c7ad5472b28f465b7ac7617627707eba1b7a39d28089460d52e1ed292fc0b06a",
    "src/addons/VersoBit/ResourceTickets/_data/cron.xml": "323c4284742ef24329cd6db6f288eb9736d2353f36852e1db12591e1583aea26",
    "src/addons/VersoBit/ResourceTickets/_data/help_pages.xml": "a8a0c0b06cdc550438bc8a8d385af3e1e5ab3459877dfb934c1c31be59c89163",
    "src/addons/VersoBit/ResourceTickets/_data/member_stats.xml": "89fb2b93ff1eca7a1f6f752248edf6090dfd24037db1446fd18ff7143f08124d",
    "src/addons/VersoBit/ResourceTickets/_data/navigation.xml": "f75e1c03a45a360bbdfcd0567121665082315068475d5b0feb8b1acbb1688651",
    "src/addons/VersoBit/ResourceTickets/_data/options.xml": "4fc8d0a6025d076a345d5531f17aa38088b79ddd1ee14e408cb09a760620036a",
    "src/addons/VersoBit/ResourceTickets/_data/option_groups.xml": "b54db9b283a72899b5f06edc95dd5880382e8ede2f856ae936d1c5d4e2d20bd9",
    "src/addons/VersoBit/ResourceTickets/_data/permissions.xml": "7e4fc7d5826733d15ea2d8936b9bdd41afcaad810eb38e50da3c8d8eafda1550",
    "src/addons/VersoBit/ResourceTickets/_data/permission_interface_groups.xml": "3177224e96458b829aa7fb24866dda9e0455a4922aee3d669b53f59a1ffdf5d1",
    "src/addons/VersoBit/ResourceTickets/_data/phrases.xml": "1d101d986cc3de90c7c84058d268ef7cb082ccddb293104421d8c16770eb5df9",
    "src/addons/VersoBit/ResourceTickets/_data/routes.xml": "550fa64f9feedf137dd877b38c2684f94474619d2d83890dbb717a91b50da8f5",
    "src/addons/VersoBit/ResourceTickets/_data/style_properties.xml": "8b8690a8512f01f219dd2da76e3d0c5f62afc1f317b87794a7331c859c36a7a8",
    "src/addons/VersoBit/ResourceTickets/_data/style_property_groups.xml": "68e1879cb3846c42d978487aa8d5145ff3335fc39e58016878824d5cf3fd684c",
    "src/addons/VersoBit/ResourceTickets/_data/templates.xml": "95d4b078b90e74e773cef6695ef94c742e74b8d62e6798738f11f0215a58faee",
    "src/addons/VersoBit/ResourceTickets/_data/template_modifications.xml": "e128adadbebbe8d280ba3d875f8ed5ee67589c3513bd3965e5ed7702781ba6f6",
    "src/addons/VersoBit/ResourceTickets/_data/widget_definitions.xml": "37e46965256430f24004c2e7f08ba08f9b0d1cbcc4d70e84b3f4e3ffb713e64b",
    "src/addons/VersoBit/ResourceTickets/_data/widget_positions.xml": "a29cee66134f6bc5d75ed9df1eef21096c24401915c5b5c774389c3d7bb2d5b3"
}