<?xml version="1.0" encoding="utf-8"?>
<phrases>
  <phrase title="option.versobitResourceTicketsAcceptedPrefixId" version_id="10000013" version_string="10.0.0 Alpha 3"><![CDATA[Ticket 'Accepted' Prefix]]></phrase>
  <phrase title="option.versobitResourceTicketsAwaitingApprovalPrefixId" version_id="10000013" version_string="10.0.0 Alpha 3"><![CDATA[Ticket 'Awaiting Approval' Prefix]]></phrase>
  <phrase title="option.versobitResourceTicketsCategoryId" version_id="10000011" version_string="1.0.0a1"><![CDATA[Ticket Category]]></phrase>
  <phrase title="option_explain.versobitResourceTicketsAcceptedPrefixId" version_id="10000016" version_string="1.0.0a6"><![CDATA[The prefix to be set to tickets associated with approved resources/resource updates.]]></phrase>
  <phrase title="option_explain.versobitResourceTicketsAwaitingApprovalPrefixId" version_id="10000016" version_string="1.0.0a6"><![CDATA[The prefix to be set to tickets associated with resources/resource updates awaiting approval.]]></phrase>
  <phrase title="option_explain.versobitResourceTicketsCategoryId" version_id="10000016" version_string="1.0.0a6"><![CDATA[The tickets category to post new tickets to on resource/resource update submission.]]></phrase>
  <phrase title="option_group.versobitResourceTickets" version_id="10000011" version_string="1.0.0a1"><![CDATA[[VersoBit] Resource Tickets]]></phrase>
  <phrase title="option_group_description.versobitResourceTickets" version_id="10000011" version_string="1.0.0a1"><![CDATA[]]></phrase>
  <phrase title="vb_resourcetickets_ticket_category_not_found" version_id="10000015" version_string="1.0.0a5" global_cache="1"><![CDATA[An invalid ticket category was entered]]></phrase>
  <phrase title="vb_resourcetickets_ticket_prefix_not_found" version_id="10000015" version_string="1.0.0a5" global_cache="1"><![CDATA[An invalid ticket prefix was entered]]></phrase>
  <phrase title="vb_resourcetickets_view_resource_ticket" version_id="10000013" version_string="1.0.0a3" global_cache="1"><![CDATA[View Ticket]]></phrase>
  <phrase title="vb_resourcetickets_view_ticket_resource" version_id="10000013" version_string="1.0.0a3" global_cache="1"><![CDATA[View Resource]]></phrase>
</phrases>
