<?xml version="1.0" encoding="utf-8"?>
<template_modifications>
  <modification type="public" template="nf_tickets_ticket_wrapper_macros" modification_key="versobit_resourcetickets_resource_button" description="Adds a 'View Resource' button to the ticket view page" execution_order="10" enabled="1" action="str_replace">
    <find><![CDATA[			<xf:if is="$ticket.canUndelete() AND $ticket.discussion_state == 'deleted'">
				<xf:button href="{{ link('tickets/undelete', $ticket) }}" class="button--link" overlay="true">
					{{ phrase('undelete') }}
				</xf:button>
			</xf:if>]]></find>
    <replace><![CDATA[			<xf:if is="$ticket.Resource">
				<xf:button href="{{ link('resources', $ticket->Resource) }}" class="button--link" overlay="true">
					{{ phrase('vb_resourcetickets_view_ticket_resource') }}
				</xf:button>
			</xf:if>
$0]]></replace>
  </modification>
  <modification type="public" template="xfrm_resource_wrapper_macros" modification_key="versobit_resourcetickets_ticket_button" description="Adds a 'View Ticket' button to the resource view page" execution_order="10" enabled="1" action="str_replace">
    <find><![CDATA[			<xf:if is="$resource.canUndelete() AND $resource.resource_state == 'deleted'">
				<xf:button href="{{ link('resources/undelete', $resource) }}" class="button--link" overlay="true">
					{{ phrase('undelete') }}
				</xf:button>
			</xf:if>]]></find>
    <replace><![CDATA[			<xf:if is="($resource.canApproveUnapprove() OR $resource.canEdit()) AND $resource.Ticket">
				<xf:button href="{{ link('tickets', $resource.Ticket) }}" class="button--link" overlay="true">
					{{ phrase('vb_resourcetickets_view_resource_ticket') }}
				</xf:button>
			</xf:if>
$0]]></replace>
  </modification>
</template_modifications>
