{
    "legacy_addon_id": "",
    "title": "[VersoBit] Resource Tickets",
    "description": "Automatically creates & replies to tickets based on resource actions.",
    "version_id": 10000015,
    "version_string": "1.0.0a5",
    "dev": "VersoBit",
    "dev_url": "https://versobit.dev/",
    "faq_url": "",
    "support_url": "https://support.versobit.dev/",
    "extra_urls": [],
    "require": {
        "XFRM": [
            2010670,
            "XFRM 2.1.6+"
        ],
        "NF/Tickets": [
            2000770,
            "NixFifty Tickets 2.0.7+"
        ]
    },
    "icon": "fa-ticket"
}