{
    "src/addons/VersoBit/ResourceTickets/.idea/dataSources.local.xml": "7dd2f3e1ad2937f562e8c7f3b9fd8971ae4ee2fef413347f9f21b40c15ae4b94",
    "src/addons/VersoBit/ResourceTickets/.idea/dataSources.xml": "a33cb1e6bddbfd6168f87a61e7fb494ba77c23075410c808938d5a257d0eeba0",
    "src/addons/VersoBit/ResourceTickets/.idea/dataSources/55a53143-d2e0-483b-8ee1-3546ff1b9fdf.xml": "6a29afd67ecae7bd1be1a9bf91f053df2c3fd3f91f404622199b8a70069e9dc4",
    "src/addons/VersoBit/ResourceTickets/.idea/dataSources/55a53143-d2e0-483b-8ee1-3546ff1b9fdf/storage_v2/_src_/schema/information_schema.FNRwLQ.meta": "e6cf15e6f4964b995820c55cdaa5f7bc04c3fc473fee48752c27deeafac35f34",
    "src/addons/VersoBit/ResourceTickets/.idea/misc.xml": "8e20542282cda0edcf55934715b7ae3ea2bb8b682180a12999b82f0475ea8b36",
    "src/addons/VersoBit/ResourceTickets/.idea/modules.xml": "a31deed3ee1317ae755d8a746d75302466b4f19b97991626d35769e0bda53051",
    "src/addons/VersoBit/ResourceTickets/.idea/ResourceTickets.iml": "e9c004d5beedb8d8501aa5456096bd5d18180f3081cd2f56e8196c44659838a2",
    "src/addons/VersoBit/ResourceTickets/.idea/vcs.xml": "aae65e9dbdd34001e675b9cd452c38338971ce08ad357a4d826e9f93c111dbb2",
    "src/addons/VersoBit/ResourceTickets/.idea/workspace.xml": "edd7e89ad4fd6c6e922bcaf0e2868dd1c20c58664b2bbb7c2f5f30eb5a259e9a",
    "src/addons/VersoBit/ResourceTickets/addon.json": "4013791325a7eebf4b5b1e771eeea3157cfb3911e46c8c04a27521c56e8f10d4",
    "src/addons/VersoBit/ResourceTickets/Listener.php": "dd2397dcb9401452b097c07635d0842a759fb42960c0bdef01e2aaff551bde04",
    "src/addons/VersoBit/ResourceTickets/NF/Tickets/Service/Ticket/Deleter.php": "7ac5b4d353ec985216e16fc324b591e73bd49145973ec3c584bae319707be78a",
    "src/addons/VersoBit/ResourceTickets/README.md": "f551813c492f317f333f858a7ef091622b9ceb15f1047b22f6edba7ec4204c8f",
    "src/addons/VersoBit/ResourceTickets/Setup.php": "71fa6ee4bb6bf5f3b799f86933c9c0be74dba6cb58c623b49adcf2e71ab28c80",
    "src/addons/VersoBit/ResourceTickets/XFRM/Service/ResourceItem/Approve.php": "407b832e7e4d67138017851151f568d86a03f81cda951bc33777cc90b808015d",
    "src/addons/VersoBit/ResourceTickets/XFRM/Service/ResourceItem/Create.php": "fc2094143511adc51eb2d9ce3b4a18ed55cdcecc795f171168adc41b28e0886e",
    "src/addons/VersoBit/ResourceTickets/XFRM/Service/ResourceUpdate/Approve.php": "a7f25175a85ba20019b1a0d7a640ebaf89b348e843faec02d051e921b221511a",
    "src/addons/VersoBit/ResourceTickets/XFRM/Service/ResourceUpdate/Create.php": "967c36f9d2a0d3ff59860d0093873894712c43f9d150547560a6c8b24f461860",
    "src/addons/VersoBit/ResourceTickets/_data/admin_navigation.xml": "064ec797484ac00d5ee37367b50b06846d11f480d00550997712707f8fdac8c0",
    "src/addons/VersoBit/ResourceTickets/_data/admin_permission.xml": "ec6fb97cebf0bceb24f1ed1d5778c1db54eeb7535fbb3e31d824840e7aa9ff87",
    "src/addons/VersoBit/ResourceTickets/_data/advertising_positions.xml": "d2f7cbe844bb1df3cf878d22ff6306249245c8ff6b0b87b9b729744bec538261",
    "src/addons/VersoBit/ResourceTickets/_data/api_scopes.xml": "6793eaf758f140e8137187ba20e65f4faccf53410433ae3ad7a8b3b38cb6b3b7",
    "src/addons/VersoBit/ResourceTickets/_data/bb_codes.xml": "faa4ddd5f4a365e5ac39aebdcbe2d25aedf74e7eb9ea4a812766e2fd5e13bdb1",
    "src/addons/VersoBit/ResourceTickets/_data/bb_code_media_sites.xml": "29762987990187b33e43cfb68c08dc917b2d3f0176613d78f8e6c453f82da3f3",
    "src/addons/VersoBit/ResourceTickets/_data/class_extensions.xml": "672d1d25d0cf3a9ac4ce0f393bd19b6d9160894b66a306e5aef88cb0f12e13a4",
    "src/addons/VersoBit/ResourceTickets/_data/code_events.xml": "8370dec3df47f91df4cf79da253446ad11b29f4ea568fe76c774e97a0379f0eb",
    "src/addons/VersoBit/ResourceTickets/_data/code_event_listeners.xml": "ec25ae91e7e467249f813ecf5ed6050eb12f8c01ada98b5595d29b6c8778aa93",
    "src/addons/VersoBit/ResourceTickets/_data/content_type_fields.xml": "c7ad5472b28f465b7ac7617627707eba1b7a39d28089460d52e1ed292fc0b06a",
    "src/addons/VersoBit/ResourceTickets/_data/cron.xml": "323c4284742ef24329cd6db6f288eb9736d2353f36852e1db12591e1583aea26",
    "src/addons/VersoBit/ResourceTickets/_data/help_pages.xml": "a8a0c0b06cdc550438bc8a8d385af3e1e5ab3459877dfb934c1c31be59c89163",
    "src/addons/VersoBit/ResourceTickets/_data/member_stats.xml": "89fb2b93ff1eca7a1f6f752248edf6090dfd24037db1446fd18ff7143f08124d",
    "src/addons/VersoBit/ResourceTickets/_data/navigation.xml": "f75e1c03a45a360bbdfcd0567121665082315068475d5b0feb8b1acbb1688651",
    "src/addons/VersoBit/ResourceTickets/_data/options.xml": "fda67fff173671688c76701a0fe031625e9c69d3435f46f5fddddbcf08aa8a1f",
    "src/addons/VersoBit/ResourceTickets/_data/option_groups.xml": "b54db9b283a72899b5f06edc95dd5880382e8ede2f856ae936d1c5d4e2d20bd9",
    "src/addons/VersoBit/ResourceTickets/_data/permissions.xml": "7e4fc7d5826733d15ea2d8936b9bdd41afcaad810eb38e50da3c8d8eafda1550",
    "src/addons/VersoBit/ResourceTickets/_data/permission_interface_groups.xml": "3177224e96458b829aa7fb24866dda9e0455a4922aee3d669b53f59a1ffdf5d1",
    "src/addons/VersoBit/ResourceTickets/_data/phrases.xml": "d236bf1f5d16a85764bc0fbc0de080c6ea2f849f3664900d63899b5507a06322",
    "src/addons/VersoBit/ResourceTickets/_data/routes.xml": "550fa64f9feedf137dd877b38c2684f94474619d2d83890dbb717a91b50da8f5",
    "src/addons/VersoBit/ResourceTickets/_data/style_properties.xml": "8b8690a8512f01f219dd2da76e3d0c5f62afc1f317b87794a7331c859c36a7a8",
    "src/addons/VersoBit/ResourceTickets/_data/style_property_groups.xml": "68e1879cb3846c42d978487aa8d5145ff3335fc39e58016878824d5cf3fd684c",
    "src/addons/VersoBit/ResourceTickets/_data/templates.xml": "95d4b078b90e74e773cef6695ef94c742e74b8d62e6798738f11f0215a58faee",
    "src/addons/VersoBit/ResourceTickets/_data/template_modifications.xml": "b58064e4d80ca0fdf7a2038bdc01dcf3afb8bc8e92b5e1804db9292f2f30ac77",
    "src/addons/VersoBit/ResourceTickets/_data/widget_definitions.xml": "37e46965256430f24004c2e7f08ba08f9b0d1cbcc4d70e84b3f4e3ffb713e64b",
    "src/addons/VersoBit/ResourceTickets/_data/widget_positions.xml": "a29cee66134f6bc5d75ed9df1eef21096c24401915c5b5c774389c3d7bb2d5b3"
}